Relation,Ent1,Ent2,URI_1,URI_2,#Sentence
located_in,UNIDADE_LITO,BACIA,#membro_010,#BASE_CD_BACIA_270,6
located_in,UNIDADE_LITO,BACIA,#formacao_319,#BASE_CD_BACIA_100,97
located_in,UNIDADE_LITO,BACIA,#formacao_319,#BASE_CD_BACIA_100,97
located_in,UNIDADE_LITO,BACIA,#formacao_319,#BASE_CD_BACIA_100,97
located_in,UNIDADE_LITO,BACIA,#formacao_319,#BASE_CD_BACIA_100,97
located_in,UNIDADE_LITO,BACIA,#formacao_319,#BASE_CD_BACIA_100,180
located_in,UNIDADE_LITO,BACIA,#formacao_319,#BASE_CD_BACIA_100,234
located_in,UNIDADE_LITO,BACIA,#formacao_117,#BASE_CD_BACIA_116,317
located_in,UNIDADE_LITO,BACIA,#formacao_130,#BASE_CD_BACIA_116,317
located_in,POÇO,CAMPO,#POCO_CD_POCO_009065,#CAMP_CD_CAMPO_0249,322
located_in,POÇO,BACIA,#POCO_CD_POCO_009065,#BASE_CD_BACIA_116,322
located_in,POÇO,CAMPO,#POCO_CD_POCO_009757,#CAMP_CD_CAMPO_0249,322
located_in,POÇO,BACIA,#POCO_CD_POCO_009757,#BASE_CD_BACIA_116,322
located_in,CAMPO,BACIA,#CAMP_CD_CAMPO_0249,#BASE_CD_BACIA_116,322
temporal_relation,UNIDADE_LITO,UNIDADE_LITO,#membro_007,#formacao_130,324
temporal_relation,UNIDADE_LITO,UNIDADE_LITO,#membro_044,#formacao_117,324
located_in,UNIDADE_LITO,BACIA,#membro_061,#BASE_CD_BACIA_116,328
constituted_by,UNIDADE_LITO,ROCHA,#membro_061,#anhydrite,329
temporal_relation,UNIDADE_CRONO,UNIDADE_CRONO,#Aptian,#Aptian,333
located_in,UNIDADE_LITO,BACIA,#membro_061,#BASE_CD_BACIA_116,333
has_age,UNIDADE_LITO,UNIDADE_CRONO,#membro_061,#Aptian,333
constituted_by,UNIDADE_LITO,ROCHA,#membro_061,#anhydrite,333
constituted_by,UNIDADE_LITO,ROCHA,#membro_061,#halite,333
constituted_by,UNIDADE_LITO,ROCHA,#membro_061,#carnallite,333
constituted_by,UNIDADE_LITO,ROCHA,#membro_061,#tachyhydrite,333
has_age,UNIDADE_LITO,UNIDADE_CRONO,#membro_061,#Aptian,333
constituted_by,UNIDADE_LITO,ROCHA,#membro_061,#anhydrite,333
temporal_relation,UNIDADE_CRONO,UNIDADE_CRONO,#Aptian,#Aptian,333
constituted_by,UNIDADE_LITO,ROCHA,#membro_007,#calcilutite,339
constituted_by,UNIDADE_LITO,ROCHA,#membro_007,#shale,339
has_age,UNIDADE_LITO,UNIDADE_CRONO,#membro_044,#Upper_Aptian_Subage,349
has_age,UNIDADE_LITO,UNIDADE_CRONO,#membro_061,#Upper_Aptian_Subage,349
has_age,UNIDADE_LITO,UNIDADE_CRONO,#membro_044,#Upper_Aptian_Subage,350
has_age,UNIDADE_LITO,UNIDADE_CRONO,#membro_007,#Upper_Aptian_Subage,350
constituted_by,UNIDADE_LITO,ROCHA,#formacao_117,#calcilutite,351
temporal_relation,UNIDADE_LITO,UNIDADE_LITO,#membro_044,#formacao_117,355
located_in,UNIDADE_LITO,BACIA,#membro_061,#BASE_CD_BACIA_116,359
located_in,UNIDADE_LITO,BACIA,#membro_044,#BASE_CD_BACIA_116,359
crosses,POÇO,UNIDADE_LITO,#POCO_CD_POCO_009757,#formacao_117,364
crosses,POÇO,UNIDADE_LITO,#POCO_CD_POCO_009757,#membro_044,364
temporal_relation,UNIDADE_LITO,UNIDADE_LITO,#membro_044,#formacao_117,364
temporal_relation,UNIDADE_LITO,UNIDADE_LITO,#membro_044,#formacao_117,368
temporal_relation,UNIDADE_LITO,UNIDADE_LITO,#membro_044,#formacao_117,378
temporal_relation,UNIDADE_LITO,UNIDADE_LITO,#membro_044,#formacao_117,382
temporal_relation,UNIDADE_LITO,UNIDADE_LITO,#membro_044,#formacao_117,387
crosses,POÇO,UNIDADE_LITO,#POCO_CD_POCO_009065,#formacao_130,390
crosses,POÇO,UNIDADE_LITO,#POCO_CD_POCO_009065,#membro_007,390
temporal_relation,UNIDADE_LITO,UNIDADE_LITO,#membro_007,#formacao_130,390
crosses,POÇO,UNIDADE_LITO,#POCO_CD_POCO_009757,#formacao_130,394
crosses,POÇO,UNIDADE_LITO,#POCO_CD_POCO_009757,#membro_007,394
temporal_relation,UNIDADE_LITO,UNIDADE_LITO,#membro_007,#formacao_130,394
temporal_relation,UNIDADE_LITO,UNIDADE_LITO,#membro_025,#formacao_095,611
temporal_relation,UNIDADE_LITO,UNIDADE_LITO,#membro_070,#formacao_095,611
temporal_relation,UNIDADE_CRONO,UNIDADE_CRONO,#Jiquia_Age,#LowerCretaceous,614
temporal_relation,UNIDADE_CRONO,UNIDADE_CRONO,#Holocene,#Pleistocene,718
temporal_relation,UNIDADE_CRONO,UNIDADE_CRONO,#Pleistocene,#Holocene,718
temporal_relation,UNIDADE_CRONO,UNIDADE_CRONO,#Pleistocene,#Holocene,723
temporal_relation,UNIDADE_CRONO,UNIDADE_CRONO,#Pleistocene,#Pleistocene,723
temporal_relation,UNIDADE_CRONO,UNIDADE_CRONO,#Pleistocene,#Holocene,723
temporal_relation,UNIDADE_CRONO,UNIDADE_CRONO,#Holocene,#Pleistocene,723
temporal_relation,UNIDADE_CRONO,UNIDADE_CRONO,#Holocene,#Pleistocene,723
temporal_relation,UNIDADE_CRONO,UNIDADE_CRONO,#Holocene,#Holocene,723
temporal_relation,UNIDADE_CRONO,UNIDADE_CRONO,#Pleistocene,#Pleistocene,723
temporal_relation,UNIDADE_CRONO,UNIDADE_CRONO,#Pleistocene,#Holocene,723
temporal_relation,UNIDADE_CRONO,UNIDADE_CRONO,#Pleistocene,#Holocene,723
temporal_relation,UNIDADE_CRONO,UNIDADE_CRONO,#Holocene,#Pleistocene,723
temporal_relation,UNIDADE_CRONO,UNIDADE_CRONO,#Holocene,#Holocene,723
temporal_relation,UNIDADE_CRONO,UNIDADE_CRONO,#Holocene,#Pleistocene,723
temporal_relation,UNIDADE_CRONO,UNIDADE_CRONO,#Holocene,#Pleistocene,734
temporal_relation,UNIDADE_CRONO,UNIDADE_CRONO,#Pleistocene,#Holocene,734
located_in,CAMPO,BACIA,#CAMP_CD_CAMPO_0682,#BASE_CD_BACIA_281,760
located_in,CAMPO,BACIA,#CAMP_CD_CAMPO_0017,#BASE_CD_BACIA_281,760
temporal_relation,UNIDADE_CRONO,UNIDADE_CRONO,#Holocene,#Pleistocene,788
temporal_relation,UNIDADE_CRONO,UNIDADE_CRONO,#Pleistocene,#Holocene,788
temporal_relation,UNIDADE_CRONO,UNIDADE_CRONO,#Holocene,#Pleistocene,794
temporal_relation,UNIDADE_CRONO,UNIDADE_CRONO,#Pleistocene,#Holocene,794
temporal_relation,UNIDADE_CRONO,UNIDADE_CRONO,#Pleistocene,#Holocene,819
temporal_relation,UNIDADE_CRONO,UNIDADE_CRONO,#Holocene,#Pleistocene,819
temporal_relation,UNIDADE_CRONO,UNIDADE_CRONO,#Pleistocene,#Holocene,824
temporal_relation,UNIDADE_CRONO,UNIDADE_CRONO,#Holocene,#Pleistocene,824
temporal_relation,UNIDADE_CRONO,UNIDADE_CRONO,#Pleistocene,#Holocene,937
temporal_relation,UNIDADE_CRONO,UNIDADE_CRONO,#Holocene,#Pleistocene,937
temporal_relation,UNIDADE_CRONO,UNIDADE_CRONO,#Quaternary,#Pleistocene,947
temporal_relation,UNIDADE_CRONO,UNIDADE_CRONO,#Pleistocene,#Quaternary,947
temporal_relation,UNIDADE_CRONO,UNIDADE_CRONO,#Pleistocene,#Holocene,981
temporal_relation,UNIDADE_CRONO,UNIDADE_CRONO,#Holocene,#Pleistocene,981
located_in,CAMPO,BACIA,#CAMP_CD_CAMPO_0682,#BASE_CD_BACIA_281,1072
temporal_relation,UNIDADE_CRONO,UNIDADE_CRONO,#Paleozoic,#Mesozoic,1122
temporal_relation,UNIDADE_CRONO,UNIDADE_CRONO,#Mesozoic,#Paleozoic,1122
temporal_relation,UNIDADE_CRONO,UNIDADE_CRONO,#LowerCretaceous,#Aptian,1123
temporal_relation,UNIDADE_CRONO,UNIDADE_CRONO,#Aptian,#LowerCretaceous,1123
located_in,UNIDADE_LITO,BACIA,#formacao_295,#BASE_CD_BACIA_230,1128
located_in,UNIDADE_LITO,BACIA,#formacao_295,#BASE_CD_BACIA_240,1128
has_age,UNIDADE_LITO,UNIDADE_CRONO,#formacao_295,#Permian,1128
located_in,UNIDADE_LITO,BACIA,#grupo_022,#BASE_CD_BACIA_230,1128
located_in,UNIDADE_LITO,BACIA,#grupo_022,#BASE_CD_BACIA_240,1128
has_age,UNIDADE_LITO,UNIDADE_CRONO,#grupo_022,#Permian,1128
located_in,UNIDADE_LITO,BACIA,#formacao_295,#BASE_CD_BACIA_240,1129
constituted_by,UNIDADE_LITO,ROCHA,#formacao_295,#sandstone,1129
constituted_by,UNIDADE_LITO,ROCHA,#formacao_295,#shale,1129
located_in,UNIDADE_LITO,BACIA,#formacao_305,#BASE_CD_BACIA_215,1130
located_in,UNIDADE_LITO,BACIA,#formacao_102,#BASE_CD_BACIA_116,1130
located_in,UNIDADE_LITO,BACIA,#formacao_102,#BASE_CD_BACIA_116,1130
temporal_relation,UNIDADE_CRONO,UNIDADE_CRONO,#Permian,#Triassic,1131
temporal_relation,UNIDADE_CRONO,UNIDADE_CRONO,#Triassic,#Permian,1131
has_age,UNIDADE_LITO,UNIDADE_CRONO,#membro_027,#Permian,1131
temporal_relation,UNIDADE_CRONO,UNIDADE_CRONO,#UpperJurassic,#LowerCretaceous,1134
temporal_relation,UNIDADE_CRONO,UNIDADE_CRONO,#LowerCretaceous,#UpperJurassic,1134
temporal_relation,UNIDADE_CRONO,UNIDADE_CRONO,#Aratu_Age,#Buracica_Age,1135
temporal_relation,UNIDADE_CRONO,UNIDADE_CRONO,#Buracica_Age,#Aratu_Age,1135
temporal_relation,UNIDADE_CRONO,UNIDADE_CRONO,#Buracica_Age,#Jiquia_Age,1135
temporal_relation,UNIDADE_CRONO,UNIDADE_CRONO,#Jiquia_Age,#Buracica_Age,1135
temporal_relation,UNIDADE_CRONO,UNIDADE_CRONO,#Jiquia_Age,#Alagoas_Age,1135
temporal_relation,UNIDADE_CRONO,UNIDADE_CRONO,#Tithonian,#Berriasian,1137
temporal_relation,UNIDADE_CRONO,UNIDADE_CRONO,#Berriasian,#Tithonian,1137
temporal_relation,UNIDADE_CRONO,UNIDADE_CRONO,#UpperJurassic,#LowerCretaceous,1138
temporal_relation,UNIDADE_CRONO,UNIDADE_CRONO,#LowerCretaceous,#UpperJurassic,1138
has_age,UNIDADE_LITO,UNIDADE_CRONO,#grupo_022,#Dom_Joao_Age,1143
constituted_by,UNIDADE_LITO,ROCHA,#grupo_022,#shale,1143
constituted_by,UNIDADE_LITO,ROCHA,#grupo_022,#sandstone,1143
constituted_by,UNIDADE_LITO,ROCHA,#grupo_022,#sandstone,1143
has_age,UNIDADE_LITO,UNIDADE_CRONO,#formacao_335,#Dom_Joao_Age,1143
temporal_relation,UNIDADE_LITO,UNIDADE_LITO,#formacao_335,#grupo_022,1143
constituted_by,UNIDADE_LITO,ROCHA,#formacao_335,#shale,1143
constituted_by,UNIDADE_LITO,ROCHA,#formacao_335,#sandstone,1143
constituted_by,UNIDADE_LITO,ROCHA,#formacao_335,#sandstone,1143
has_age,UNIDADE_LITO,UNIDADE_CRONO,#formacao_239,#Dom_Joao_Age,1143
temporal_relation,UNIDADE_LITO,UNIDADE_LITO,#formacao_239,#grupo_022,1143
constituted_by,UNIDADE_LITO,ROCHA,#formacao_239,#shale,1143
constituted_by,UNIDADE_LITO,ROCHA,#formacao_239,#sandstone,1143
constituted_by,UNIDADE_LITO,ROCHA,#formacao_239,#sandstone,1143
temporal_relation,UNIDADE_LITO,UNIDADE_LITO,#formacao_229,#grupo_057,1145
constituted_by,UNIDADE_LITO,ROCHA,#formacao_125,#sandstone,1146
located_in,UNIDADE_LITO,BACIA,#formacao_125,#BASE_CD_BACIA_240,1146
constituted_by,UNIDADE_LITO,ROCHA,#formacao_145,#conglomerate,1153
constituted_by,UNIDADE_LITO,ROCHA,#membro_070,#shale,1155
temporal_relation,UNIDADE_LITO,UNIDADE_LITO,#membro_070,#formacao_095,1155
located_in,UNIDADE_LITO,BACIA,#membro_070,#BASE_CD_BACIA_240,1155
located_in,UNIDADE_LITO,BACIA,#membro_070,#BASE_CD_BACIA_230,1155
constituted_by,UNIDADE_LITO,ROCHA,#formacao_095,#shale,1155
located_in,UNIDADE_LITO,BACIA,#formacao_095,#BASE_CD_BACIA_240,1155
located_in,UNIDADE_LITO,BACIA,#formacao_095,#BASE_CD_BACIA_230,1155
temporal_relation,UNIDADE_LITO,UNIDADE_LITO,#membro_025,#formacao_095,1157
constituted_by,UNIDADE_LITO,ROCHA,#membro_025,#shale,1157
constituted_by,UNIDADE_LITO,ROCHA,#membro_025,#sandstone,1157
constituted_by,UNIDADE_LITO,ROCHA,#formacao_095,#shale,1157
constituted_by,UNIDADE_LITO,ROCHA,#formacao_095,#sandstone,1157
has_age,UNIDADE_LITO,UNIDADE_CRONO,#formacao_338,#Neoriodaserra_Subage,1158
constituted_by,UNIDADE_LITO,ROCHA,#formacao_338,#sandstone,1158
constituted_by,UNIDADE_LITO,ROCHA,#formacao_338,#shale,1158
constituted_by,UNIDADE_LITO,ROCHA,#formacao_338,#shale,1158
constituted_by,UNIDADE_LITO,ROCHA,#membro_013,#sandstone,1159
constituted_by,UNIDADE_LITO,ROCHA,#membro_005,#sandstone,1159
has_age,UNIDADE_LITO,UNIDADE_CRONO,#grupo_032,#Aratu_Age,1160
constituted_by,UNIDADE_LITO,ROCHA,#grupo_032,#sandstone,1160
constituted_by,UNIDADE_LITO,ROCHA,#grupo_032,#siltstone,1160
constituted_by,UNIDADE_LITO,ROCHA,#grupo_032,#shale,1160
has_age,UNIDADE_LITO,UNIDADE_CRONO,#formacao_217,#Aratu_Age,1160
constituted_by,UNIDADE_LITO,ROCHA,#formacao_217,#sandstone,1160
constituted_by,UNIDADE_LITO,ROCHA,#formacao_217,#siltstone,1160
constituted_by,UNIDADE_LITO,ROCHA,#formacao_217,#shale,1160
temporal_relation,UNIDADE_LITO,UNIDADE_LITO,#formacao_217,#grupo_032,1160
has_age,UNIDADE_LITO,UNIDADE_CRONO,#membro_078,#Aratu_Age,1160
constituted_by,UNIDADE_LITO,ROCHA,#membro_078,#sandstone,1160
constituted_by,UNIDADE_LITO,ROCHA,#membro_078,#siltstone,1160
constituted_by,UNIDADE_LITO,ROCHA,#membro_078,#shale,1160
temporal_relation,UNIDADE_LITO,UNIDADE_LITO,#membro_078,#formacao_217,1160
has_age,UNIDADE_LITO,UNIDADE_CRONO,#formacao_287,#Aratu_Age,1160
constituted_by,UNIDADE_LITO,ROCHA,#formacao_287,#sandstone,1160
constituted_by,UNIDADE_LITO,ROCHA,#formacao_287,#siltstone,1160
constituted_by,UNIDADE_LITO,ROCHA,#formacao_287,#shale,1160
temporal_relation,UNIDADE_LITO,UNIDADE_LITO,#formacao_287,#grupo_032,1160
located_in,UNIDADE_LITO,BACIA,#formacao_328,#BASE_CD_BACIA_240,1161
constituted_by,UNIDADE_LITO,ROCHA,#formacao_328,#sandstone,1161
constituted_by,UNIDADE_LITO,ROCHA,#formacao_328,#shale,1161
constituted_by,UNIDADE_LITO,ROCHA,#formacao_149,#sandstone,1162
temporal_relation,UNIDADE_LITO,UNIDADE_LITO,#formacao_149,#grupo_024,1162
constituted_by,UNIDADE_LITO,ROCHA,#grupo_024,#sandstone,1162
constituted_by,UNIDADE_LITO,ROCHA,#formacao_286,#conglomerate,1164
constituted_by,UNIDADE_LITO,ROCHA,#formacao_286,#sandstone,1164
constituted_by,UNIDADE_LITO,ROCHA,#formacao_286,#shale,1164
has_age,UNIDADE_LITO,UNIDADE_CRONO,#formacao_286,#Alagoas_Age,1164
temporal_relation,UNIDADE_CRONO,UNIDADE_CRONO,#Alagoas_Age,#LowerCretaceous,1164
constituted_by,UNIDADE_LITO,ROCHA,#formacao_016,#sandstone,1172
temporal_relation,UNIDADE_CRONO,UNIDADE_CRONO,#Oligocene,#Oligocene,1186
temporal_relation,UNIDADE_CRONO,UNIDADE_CRONO,#Oligocene,#Oligocene,1186
temporal_relation,UNIDADE_LITO,UNIDADE_LITO,#membro_036,#formacao_295,1194
has_age,UNIDADE_LITO,UNIDADE_CRONO,#membro_036,#Permian,1194
has_age,UNIDADE_LITO,UNIDADE_CRONO,#membro_036,#Permian,1194
has_age,UNIDADE_LITO,UNIDADE_CRONO,#formacao_295,#Permian,1194
has_age,UNIDADE_LITO,UNIDADE_CRONO,#formacao_295,#Permian,1194
temporal_relation,UNIDADE_CRONO,UNIDADE_CRONO,#Permian,#Permian,1194
temporal_relation,UNIDADE_CRONO,UNIDADE_CRONO,#Permian,#Permian,1194
constituted_by,UNIDADE_LITO,ROCHA,#membro_036,#siltstone,1195
constituted_by,UNIDADE_LITO,ROCHA,#membro_036,#sandstone,1195
temporal_relation,UNIDADE_LITO,UNIDADE_LITO,#membro_071,#formacao_335,1202
has_age,UNIDADE_LITO,UNIDADE_CRONO,#membro_071,#Dom_Joao_Age,1202
temporal_relation,UNIDADE_LITO,UNIDADE_LITO,#membro_052,#formacao_335,1202
has_age,UNIDADE_LITO,UNIDADE_CRONO,#membro_052,#Dom_Joao_Age,1202
has_age,UNIDADE_LITO,UNIDADE_CRONO,#formacao_335,#Dom_Joao_Age,1202
temporal_relation,UNIDADE_CRONO,UNIDADE_CRONO,#Dom_Joao_Age,#UpperJurassic,1202
constituted_by,UNIDADE_LITO,ROCHA,#membro_027,#shale,1204
temporal_relation,UNIDADE_LITO,UNIDADE_LITO,#membro_027,#formacao_295,1204
has_age,UNIDADE_LITO,UNIDADE_CRONO,#membro_027,#Permian,1204
constituted_by,UNIDADE_LITO,ROCHA,#membro_027,#sandstone,1204
constituted_by,UNIDADE_LITO,ROCHA,#formacao_295,#shale,1204
has_age,UNIDADE_LITO,UNIDADE_CRONO,#formacao_295,#Permian,1204
constituted_by,UNIDADE_LITO,ROCHA,#formacao_295,#sandstone,1204
constituted_by,UNIDADE_LITO,ROCHA,#membro_071,#shale,1204
has_age,UNIDADE_LITO,UNIDADE_CRONO,#membro_071,#Permian,1204
constituted_by,UNIDADE_LITO,ROCHA,#membro_071,#sandstone,1204
temporal_relation,UNIDADE_LITO,UNIDADE_LITO,#membro_071,#formacao_335,1204
constituted_by,UNIDADE_LITO,ROCHA,#formacao_335,#shale,1204
has_age,UNIDADE_LITO,UNIDADE_CRONO,#formacao_335,#Permian,1204
constituted_by,UNIDADE_LITO,ROCHA,#formacao_335,#sandstone,1204
constituted_by,UNIDADE_LITO,ROCHA,#membro_052,#sandstone,1205
constituted_by,UNIDADE_LITO,ROCHA,#membro_052,#shale,1205
temporal_relation,UNIDADE_LITO,UNIDADE_LITO,#membro_052,#formacao_335,1205
constituted_by,UNIDADE_LITO,ROCHA,#formacao_335,#sandstone,1205
constituted_by,UNIDADE_LITO,ROCHA,#formacao_335,#shale,1205
temporal_relation,UNIDADE_LITO,UNIDADE_LITO,#membro_025,#formacao_095,1212
has_age,UNIDADE_LITO,UNIDADE_CRONO,#membro_025,#LowerCretaceous,1212
has_age,UNIDADE_LITO,UNIDADE_CRONO,#formacao_095,#LowerCretaceous,1212
located_in,UNIDADE_LITO,BACIA,#membro_025,#BASE_CD_BACIA_240,1214
temporal_relation,UNIDADE_LITO,UNIDADE_LITO,#membro_052,#formacao_335,1221
has_age,UNIDADE_LITO,UNIDADE_CRONO,#membro_052,#Dom_Joao_Age,1221
has_age,UNIDADE_LITO,UNIDADE_CRONO,#membro_052,#Dom_Joao_Age,1221
has_age,UNIDADE_LITO,UNIDADE_CRONO,#formacao_335,#Dom_Joao_Age,1221
has_age,UNIDADE_LITO,UNIDADE_CRONO,#formacao_335,#Dom_Joao_Age,1221
temporal_relation,UNIDADE_CRONO,UNIDADE_CRONO,#Dom_Joao_Age,#UpperJurassic,1221
temporal_relation,UNIDADE_CRONO,UNIDADE_CRONO,#Dom_Joao_Age,#Dom_Joao_Age,1221
temporal_relation,UNIDADE_CRONO,UNIDADE_CRONO,#Dom_Joao_Age,#UpperJurassic,1221
temporal_relation,UNIDADE_CRONO,UNIDADE_CRONO,#UpperJurassic,#UpperJurassic,1221
has_age,UNIDADE_LITO,UNIDADE_CRONO,#formacao_239,#Dom_Joao_Age,1221
has_age,UNIDADE_LITO,UNIDADE_CRONO,#formacao_239,#Dom_Joao_Age,1221
temporal_relation,UNIDADE_CRONO,UNIDADE_CRONO,#Dom_Joao_Age,#Dom_Joao_Age,1221
temporal_relation,UNIDADE_CRONO,UNIDADE_CRONO,#Dom_Joao_Age,#UpperJurassic,1221
temporal_relation,UNIDADE_CRONO,UNIDADE_CRONO,#Dom_Joao_Age,#UpperJurassic,1221
temporal_relation,UNIDADE_CRONO,UNIDADE_CRONO,#UpperJurassic,#UpperJurassic,1221
located_in,UNIDADE_LITO,BACIA,#formacao_239,#BASE_CD_BACIA_240,1223
constituted_by,UNIDADE_LITO,ROCHA,#membro_052,#shale,1224
constituted_by,UNIDADE_LITO,ROCHA,#formacao_239,#sandstone,1228
constituted_by,UNIDADE_LITO,ROCHA,#formacao_239,#sandstone,1231
has_age,UNIDADE_LITO,UNIDADE_CRONO,#formacao_145,#Jiquia_Age,1239
temporal_relation,UNIDADE_CRONO,UNIDADE_CRONO,#Jiquia_Age,#LowerCretaceous,1239
constituted_by,UNIDADE_LITO,ROCHA,#membro_013,#sandstone,1260
temporal_relation,UNIDADE_LITO,UNIDADE_LITO,#membro_013,#formacao_338,1260
constituted_by,UNIDADE_LITO,ROCHA,#formacao_338,#sandstone,1260
has_age,UNIDADE_LITO,UNIDADE_CRONO,#formacao_338,#LowerCretaceous,1260
constituted_by,UNIDADE_LITO,ROCHA,#membro_013,#sandstone,1262
constituted_by,UNIDADE_LITO,ROCHA,#membro_005,#sandstone,1264
temporal_relation,UNIDADE_LITO,UNIDADE_LITO,#membro_005,#formacao_338,1264
constituted_by,UNIDADE_LITO,ROCHA,#formacao_338,#sandstone,1264
constituted_by,UNIDADE_LITO,ROCHA,#membro_005,#sandstone,1271
constituted_by,UNIDADE_LITO,ROCHA,#membro_005,#sandstone,1271
has_age,UNIDADE_LITO,UNIDADE_CRONO,#formacao_338,#LowerCretaceous,1272
temporal_relation,UNIDADE_CRONO,UNIDADE_CRONO,#LowerCretaceous,#Aptian,1272
has_age,UNIDADE_LITO,UNIDADE_CRONO,#formacao_286,#Alagoas_Age,1272
temporal_relation,UNIDADE_CRONO,UNIDADE_CRONO,#Alagoas_Age,#LowerCretaceous,1272
temporal_relation,UNIDADE_CRONO,UNIDADE_CRONO,#Aptian,#LowerCretaceous,1272
constituted_by,UNIDADE_LITO,ROCHA,#formacao_338,#shale,1274
constituted_by,UNIDADE_LITO,ROCHA,#formacao_149,#sandstone,1276
has_age,UNIDADE_LITO,UNIDADE_CRONO,#formacao_149,#Buracica_Age,1276
has_age,UNIDADE_LITO,UNIDADE_CRONO,#formacao_149,#LowerCretaceous,1276
temporal_relation,UNIDADE_CRONO,UNIDADE_CRONO,#Buracica_Age,#LowerCretaceous,1276
constituted_by,UNIDADE_LITO,ROCHA,#formacao_286,#shale,1277
constituted_by,UNIDADE_LITO,ROCHA,#formacao_286,#sandstone,1277
constituted_by,UNIDADE_LITO,ROCHA,#formacao_286,#shale,1277
has_age,UNIDADE_LITO,UNIDADE_CRONO,#formacao_149,#Buracica_Age,1284
has_age,UNIDADE_LITO,UNIDADE_CRONO,#formacao_149,#Jiquia_Age,1284
has_age,UNIDADE_LITO,UNIDADE_CRONO,#formacao_149,#LowerCretaceous,1284
temporal_relation,UNIDADE_CRONO,UNIDADE_CRONO,#Buracica_Age,#Jiquia_Age,1284
temporal_relation,UNIDADE_CRONO,UNIDADE_CRONO,#Buracica_Age,#LowerCretaceous,1284
temporal_relation,UNIDADE_CRONO,UNIDADE_CRONO,#Jiquia_Age,#Buracica_Age,1284
temporal_relation,UNIDADE_CRONO,UNIDADE_CRONO,#Jiquia_Age,#LowerCretaceous,1284
constituted_by,UNIDADE_LITO,ROCHA,#grupo_032,#shale,1289
has_age,UNIDADE_LITO,UNIDADE_CRONO,#grupo_032,#Aratu_Age,1290
has_age,UNIDADE_LITO,UNIDADE_CRONO,#grupo_032,#LowerCretaceous,1290
temporal_relation,UNIDADE_CRONO,UNIDADE_CRONO,#Aratu_Age,#LowerCretaceous,1290
constituted_by,UNIDADE_LITO,ROCHA,#formacao_328,#sandstone,1300
has_age,UNIDADE_LITO,UNIDADE_CRONO,#formacao_328,#Aratu_Age,1300
temporal_relation,UNIDADE_CRONO,UNIDADE_CRONO,#Aratu_Age,#LowerCretaceous,1300
located_in,UNIDADE_LITO,BACIA,#formacao_295,#BASE_CD_BACIA_240,1310
located_in,UNIDADE_LITO,BACIA,#formacao_295,#BASE_CD_BACIA_230,1310
located_in,UNIDADE_LITO,BACIA,#formacao_295,#BASE_CD_BACIA_266,1310
located_in,CAMPO,BACIA,#CAMP_CD_CAMPO_0958,#BASE_CD_BACIA_240,1328
located_in,CAMPO,BACIA,#CAMP_CD_CAMPO_0830,#BASE_CD_BACIA_240,1341
temporal_relation,UNIDADE_CRONO,UNIDADE_CRONO,#UpperJurassic,#LowerCretaceous,1395
temporal_relation,UNIDADE_CRONO,UNIDADE_CRONO,#LowerCretaceous,#UpperJurassic,1395
located_in,UNIDADE_LITO,BACIA,#formacao_125,#BASE_CD_BACIA_240,1401
temporal_relation,UNIDADE_CRONO,UNIDADE_CRONO,#UpperJurassic,#LowerCretaceous,1440
temporal_relation,UNIDADE_CRONO,UNIDADE_CRONO,#LowerCretaceous,#UpperJurassic,1440
temporal_relation,UNIDADE_CRONO,UNIDADE_CRONO,#Aptian,#LowerCretaceous,1555
temporal_relation,UNIDADE_CRONO,UNIDADE_CRONO,#LowerCretaceous,#Aptian,1555
temporal_relation,UNIDADE_CRONO,UNIDADE_CRONO,#Cretaceous,#Cenozoic,1558
temporal_relation,UNIDADE_CRONO,UNIDADE_CRONO,#Cenozoic,#Cretaceous,1558
temporal_relation,UNIDADE_CRONO,UNIDADE_CRONO,#LowerCretaceous,#UpperCretaceous,1569
temporal_relation,UNIDADE_CRONO,UNIDADE_CRONO,#UpperCretaceous,#LowerCretaceous,1569
temporal_relation,UNIDADE_CRONO,UNIDADE_CRONO,#Mesozoic,#Cenozoic,1570
temporal_relation,UNIDADE_CRONO,UNIDADE_CRONO,#Cenozoic,#Mesozoic,1570
temporal_relation,UNIDADE_CRONO,UNIDADE_CRONO,#UpperCretaceous,#Campanian,1571
temporal_relation,UNIDADE_CRONO,UNIDADE_CRONO,#Campanian,#UpperCretaceous,1571
temporal_relation,UNIDADE_CRONO,UNIDADE_CRONO,#UpperCretaceous,#LowerCretaceous,1575
temporal_relation,UNIDADE_CRONO,UNIDADE_CRONO,#LowerCretaceous,#UpperCretaceous,1575
temporal_relation,UNIDADE_CRONO,UNIDADE_CRONO,#Mesozoic,#Cenozoic,1578
temporal_relation,UNIDADE_CRONO,UNIDADE_CRONO,#Cenozoic,#Mesozoic,1578
temporal_relation,UNIDADE_CRONO,UNIDADE_CRONO,#UpperJurassic,#LowerCretaceous,1610
temporal_relation,UNIDADE_CRONO,UNIDADE_CRONO,#LowerCretaceous,#UpperJurassic,1610
temporal_relation,UNIDADE_CRONO,UNIDADE_CRONO,#LowerCretaceous,#Albian,1610
temporal_relation,UNIDADE_CRONO,UNIDADE_CRONO,#Albian,#LowerCretaceous,1610
temporal_relation,UNIDADE_CRONO,UNIDADE_CRONO,#Coniacian,#Santonian,1613
temporal_relation,UNIDADE_CRONO,UNIDADE_CRONO,#Santonian,#Coniacian,1613
temporal_relation,UNIDADE_CRONO,UNIDADE_CRONO,#LowerCretaceous,#Albian,1619
temporal_relation,UNIDADE_CRONO,UNIDADE_CRONO,#Albian,#LowerCretaceous,1619
temporal_relation,UNIDADE_CRONO,UNIDADE_CRONO,#LowerCretaceous,#UpperCretaceous,1630
temporal_relation,UNIDADE_CRONO,UNIDADE_CRONO,#UpperCretaceous,#LowerCretaceous,1630
temporal_relation,UNIDADE_CRONO,UNIDADE_CRONO,#Paleogene,#Neogene,1631
temporal_relation,UNIDADE_CRONO,UNIDADE_CRONO,#Paleogene,#Neogene,1631
temporal_relation,UNIDADE_CRONO,UNIDADE_CRONO,#Neogene,#Paleogene,1631
temporal_relation,UNIDADE_CRONO,UNIDADE_CRONO,#Neogene,#Neogene,1631
temporal_relation,UNIDADE_CRONO,UNIDADE_CRONO,#Neogene,#Paleogene,1631
temporal_relation,UNIDADE_CRONO,UNIDADE_CRONO,#Neogene,#Neogene,1631
temporal_relation,UNIDADE_CRONO,UNIDADE_CRONO,#LowerCretaceous,#Valanginian,1652
temporal_relation,UNIDADE_CRONO,UNIDADE_CRONO,#Valanginian,#LowerCretaceous,1652
temporal_relation,UNIDADE_CRONO,UNIDADE_CRONO,#Aratu_Age,#Buracica_Age,1655
temporal_relation,UNIDADE_CRONO,UNIDADE_CRONO,#Buracica_Age,#Aratu_Age,1655
temporal_relation,UNIDADE_CRONO,UNIDADE_CRONO,#Buracica_Age,#Jiquia_Age,1655
temporal_relation,UNIDADE_CRONO,UNIDADE_CRONO,#Jiquia_Age,#Buracica_Age,1655
temporal_relation,UNIDADE_CRONO,UNIDADE_CRONO,#Albian,#Albian,1673
temporal_relation,UNIDADE_CRONO,UNIDADE_CRONO,#Albian,#Albian,1673
temporal_relation,UNIDADE_CRONO,UNIDADE_CRONO,#Albian,#Albian,1673
temporal_relation,UNIDADE_CRONO,UNIDADE_CRONO,#Albian,#Albian,1673
temporal_relation,UNIDADE_CRONO,UNIDADE_CRONO,#Albian,#Albian,1673
temporal_relation,UNIDADE_CRONO,UNIDADE_CRONO,#Albian,#Albian,1673
temporal_relation,UNIDADE_CRONO,UNIDADE_CRONO,#Campanian,#Maastrichtian,1679
temporal_relation,UNIDADE_CRONO,UNIDADE_CRONO,#Maastrichtian,#Campanian,1679
temporal_relation,UNIDADE_CRONO,UNIDADE_CRONO,#Alagoas_Age,#LowerCretaceous,1688
temporal_relation,UNIDADE_CRONO,UNIDADE_CRONO,#Aptian,#LowerCretaceous,1688
temporal_relation,UNIDADE_CRONO,UNIDADE_CRONO,#UpperJurassic,#LowerCretaceous,1688
temporal_relation,UNIDADE_CRONO,UNIDADE_CRONO,#LowerCretaceous,#Aptian,1688
temporal_relation,UNIDADE_CRONO,UNIDADE_CRONO,#LowerCretaceous,#UpperJurassic,1688
temporal_relation,UNIDADE_CRONO,UNIDADE_CRONO,#Aptian,#Albian,1692
temporal_relation,UNIDADE_CRONO,UNIDADE_CRONO,#Albian,#Aptian,1692
temporal_relation,UNIDADE_CRONO,UNIDADE_CRONO,#Albian,#Albian,1693
temporal_relation,UNIDADE_CRONO,UNIDADE_CRONO,#Albian,#Albian,1693
temporal_relation,UNIDADE_CRONO,UNIDADE_CRONO,#Cenomanian,#Cenomanian,1696
temporal_relation,UNIDADE_CRONO,UNIDADE_CRONO,#Cenomanian,#Cenomanian,1696
temporal_relation,UNIDADE_CRONO,UNIDADE_CRONO,#Jiquia_Age,#Jiquia_Age,1717
temporal_relation,UNIDADE_CRONO,UNIDADE_CRONO,#Jiquia_Age,#Alagoas_Age,1717
temporal_relation,UNIDADE_CRONO,UNIDADE_CRONO,#Jiquia_Age,#Jiquia_Age,1717
temporal_relation,UNIDADE_CRONO,UNIDADE_CRONO,#Jiquia_Age,#Alagoas_Age,1717
temporal_relation,UNIDADE_CRONO,UNIDADE_CRONO,#Campanian,#Maastrichtian,1729
temporal_relation,UNIDADE_CRONO,UNIDADE_CRONO,#Maastrichtian,#Campanian,1729
temporal_relation,UNIDADE_CRONO,UNIDADE_CRONO,#Cenozoic,#Cretaceous,2011
temporal_relation,UNIDADE_CRONO,UNIDADE_CRONO,#Cretaceous,#Cenozoic,2011
temporal_relation,UNIDADE_CRONO,UNIDADE_CRONO,#Campanian,#Maastrichtian,2026
temporal_relation,UNIDADE_CRONO,UNIDADE_CRONO,#Maastrichtian,#Campanian,2026
located_in,CAMPO,BACIA,#CAMP_CD_CAMPO_0682,#BASE_CD_BACIA_281,2071
located_in,CAMPO,BACIA,#CAMP_CD_CAMPO_0684,#BASE_CD_BACIA_281,2071
located_in,CAMPO,BACIA,#CAMP_CD_CAMPO_0683,#BASE_CD_BACIA_281,2071
located_in,CAMPO,BACIA,#CAMP_CD_CAMPO_0682,#BASE_CD_BACIA_281,2078
located_in,CAMPO,BACIA,#CAMP_CD_CAMPO_0881,#BASE_CD_BACIA_281,2089
temporal_relation,UNIDADE_CRONO,UNIDADE_CRONO,#Cambrian,#Cambrian,2197
temporal_relation,UNIDADE_CRONO,UNIDADE_CRONO,#Cambrian,#Cambrian,2197
temporal_relation,UNIDADE_CRONO,UNIDADE_CRONO,#UpperTriassic,#Jurassic,2386
temporal_relation,UNIDADE_CRONO,UNIDADE_CRONO,#Cretaceous,#Jurassic,2386
temporal_relation,UNIDADE_CRONO,UNIDADE_CRONO,#Jurassic,#UpperTriassic,2386
temporal_relation,UNIDADE_CRONO,UNIDADE_CRONO,#Jurassic,#Cretaceous,2386
temporal_relation,UNIDADE_CRONO,UNIDADE_CRONO,#UpperTriassic,#Jurassic,2403
temporal_relation,UNIDADE_CRONO,UNIDADE_CRONO,#Jurassic,#UpperTriassic,2403
temporal_relation,UNIDADE_CRONO,UNIDADE_CRONO,#Sinemurian,#Pliensbachian,2413
temporal_relation,UNIDADE_CRONO,UNIDADE_CRONO,#Pliensbachian,#Sinemurian,2413
temporal_relation,UNIDADE_CRONO,UNIDADE_CRONO,#Jurassic,#UpperJurassic,2413
temporal_relation,UNIDADE_CRONO,UNIDADE_CRONO,#Jurassic,#Cretaceous,2413
temporal_relation,UNIDADE_CRONO,UNIDADE_CRONO,#Oxfordian,#UpperJurassic,2413
temporal_relation,UNIDADE_CRONO,UNIDADE_CRONO,#UpperJurassic,#Jurassic,2413
temporal_relation,UNIDADE_CRONO,UNIDADE_CRONO,#UpperJurassic,#Oxfordian,2413
temporal_relation,UNIDADE_CRONO,UNIDADE_CRONO,#UpperJurassic,#Cretaceous,2413
temporal_relation,UNIDADE_CRONO,UNIDADE_CRONO,#Cretaceous,#Jurassic,2413
temporal_relation,UNIDADE_CRONO,UNIDADE_CRONO,#Cretaceous,#UpperJurassic,2413
temporal_relation,UNIDADE_CRONO,UNIDADE_CRONO,#Triassic,#Jurassic,2415
temporal_relation,UNIDADE_CRONO,UNIDADE_CRONO,#Jurassic,#Triassic,2415
temporal_relation,UNIDADE_CRONO,UNIDADE_CRONO,#Pliensbachian,#Toarcian,2428
temporal_relation,UNIDADE_CRONO,UNIDADE_CRONO,#Pliensbachian,#Toarcian,2428
temporal_relation,UNIDADE_CRONO,UNIDADE_CRONO,#Toarcian,#Pliensbachian,2428
temporal_relation,UNIDADE_CRONO,UNIDADE_CRONO,#Toarcian,#Toarcian,2428
temporal_relation,UNIDADE_CRONO,UNIDADE_CRONO,#Toarcian,#Pliensbachian,2428
temporal_relation,UNIDADE_CRONO,UNIDADE_CRONO,#Toarcian,#Toarcian,2428
located_in,UNIDADE_LITO,BACIA,#formacao_025,#BASE_CD_BACIA_030,2478
constituted_by,UNIDADE_LITO,ROCHA,#formacao_025,#shale,2478
located_in,UNIDADE_LITO,BACIA,#grupo_05,#BASE_CD_BACIA_281,2479
temporal_relation,UNIDADE_CRONO,UNIDADE_CRONO,#Barremian,#Aptian,2480
temporal_relation,UNIDADE_CRONO,UNIDADE_CRONO,#Aptian,#Barremian,2480
temporal_relation,UNIDADE_CRONO,UNIDADE_CRONO,#Valanginian,#Hauterivian,2482
temporal_relation,UNIDADE_CRONO,UNIDADE_CRONO,#Hauterivian,#Valanginian,2482
temporal_relation,UNIDADE_CRONO,UNIDADE_CRONO,#Hauterivian,#Barremian,2482
temporal_relation,UNIDADE_CRONO,UNIDADE_CRONO,#Barremian,#Hauterivian,2482
temporal_relation,UNIDADE_CRONO,UNIDADE_CRONO,#Devonian,#Mississippian,2484
temporal_relation,UNIDADE_CRONO,UNIDADE_CRONO,#Mississippian,#Devonian,2484
temporal_relation,UNIDADE_CRONO,UNIDADE_CRONO,#Triassic,#Jurassic,2568
temporal_relation,UNIDADE_CRONO,UNIDADE_CRONO,#Jurassic,#Triassic,2568
temporal_relation,UNIDADE_CRONO,UNIDADE_CRONO,#Jurassic,#MiddleJurassic,2568
temporal_relation,UNIDADE_CRONO,UNIDADE_CRONO,#MiddleJurassic,#Jurassic,2568
constituted_by,UNIDADE_LITO,ROCHA,#formacao_103,#shale,2739
located_in,UNIDADE_LITO,BACIA,#formacao_103,#BASE_CD_BACIA_116,2739
located_in,UNIDADE_LITO,BACIA,#formacao_154,#BASE_CD_BACIA_116,2757
temporal_relation,UNIDADE_LITO,UNIDADE_LITO,#formacao_154,#grupo_055,2757
located_in,UNIDADE_LITO,BACIA,#formacao_103,#BASE_CD_BACIA_116,2757
temporal_relation,UNIDADE_LITO,UNIDADE_LITO,#formacao_103,#grupo_055,2757
located_in,UNIDADE_LITO,BACIA,#formacao_216,#BASE_CD_BACIA_116,2757
temporal_relation,UNIDADE_LITO,UNIDADE_LITO,#formacao_216,#grupo_055,2757
located_in,UNIDADE_LITO,BACIA,#formacao_154,#BASE_CD_BACIA_116,2758
located_in,UNIDADE_LITO,BACIA,#formacao_103,#BASE_CD_BACIA_116,2758
located_in,UNIDADE_LITO,BACIA,#formacao_103,#BASE_CD_BACIA_116,2765
temporal_relation,UNIDADE_CRONO,UNIDADE_CRONO,#Dom_Joao_Age,#UpperJurassic,2769
temporal_relation,UNIDADE_CRONO,UNIDADE_CRONO,#Dom_Joao_Age,#UpperJurassic,2771
located_in,UNIDADE_LITO,BACIA,#formacao_103,#BASE_CD_BACIA_116,2793
located_in,UNIDADE_LITO,BACIA,#formacao_335,#BASE_CD_BACIA_240,2817
temporal_relation,UNIDADE_LITO,UNIDADE_LITO,#membro_071,#formacao_335,2818
temporal_relation,UNIDADE_LITO,UNIDADE_LITO,#membro_052,#formacao_335,2818
has_age,UNIDADE_LITO,UNIDADE_CRONO,#formacao_295,#Permian,2819
has_age,UNIDADE_LITO,UNIDADE_CRONO,#formacao_295,#Permian,2819
temporal_relation,UNIDADE_LITO,UNIDADE_LITO,#membro_036,#formacao_295,2819
has_age,UNIDADE_LITO,UNIDADE_CRONO,#membro_036,#Permian,2819
has_age,UNIDADE_LITO,UNIDADE_CRONO,#membro_036,#Permian,2819
temporal_relation,UNIDADE_CRONO,UNIDADE_CRONO,#Permian,#Permian,2819
temporal_relation,UNIDADE_CRONO,UNIDADE_CRONO,#Permian,#Triassic,2819
temporal_relation,UNIDADE_LITO,UNIDADE_LITO,#membro_027,#formacao_295,2819
has_age,UNIDADE_LITO,UNIDADE_CRONO,#membro_027,#Permian,2819
has_age,UNIDADE_LITO,UNIDADE_CRONO,#membro_027,#Permian,2819
temporal_relation,UNIDADE_CRONO,UNIDADE_CRONO,#Permian,#Permian,2819
temporal_relation,UNIDADE_CRONO,UNIDADE_CRONO,#Permian,#Triassic,2819
temporal_relation,UNIDADE_CRONO,UNIDADE_CRONO,#Triassic,#Permian,2819
temporal_relation,UNIDADE_CRONO,UNIDADE_CRONO,#Triassic,#Permian,2819
located_in,UNIDADE_LITO,BACIA,#formacao_103,#BASE_CD_BACIA_116,2820
located_in,UNIDADE_LITO,BACIA,#formacao_295,#BASE_CD_BACIA_240,2825
located_in,UNIDADE_LITO,BACIA,#formacao_295,#BASE_CD_BACIA_230,2825
located_in,UNIDADE_LITO,BACIA,#formacao_295,#BASE_CD_BACIA_266,2825
has_age,UNIDADE_LITO,UNIDADE_CRONO,#formacao_130,#Lower_Cenomanian_Subage,2865
located_in,UNIDADE_LITO,BACIA,#formacao_130,#BASE_CD_BACIA_116,2865
temporal_relation,UNIDADE_CRONO,UNIDADE_CRONO,#UpperJurassic,#LowerCretaceous,2877
temporal_relation,UNIDADE_CRONO,UNIDADE_CRONO,#LowerCretaceous,#UpperJurassic,2877
has_age,UNIDADE_LITO,UNIDADE_CRONO,#formacao_056,#Alagoas_Age,2916
constituted_by,UNIDADE_LITO,ROCHA,#formacao_319,#sandstone,2918
constituted_by,UNIDADE_LITO,ROCHA,#formacao_319,#siltstone,2918
constituted_by,UNIDADE_LITO,ROCHA,#formacao_319,#shale,2918
constituted_by,UNIDADE_LITO,ROCHA,#formacao_319,#calcilutite,2918
has_age,UNIDADE_LITO,UNIDADE_CRONO,#formacao_253,#Turonian,2920
constituted_by,UNIDADE_LITO,ROCHA,#formacao_253,#sandstone,2920
has_age,UNIDADE_LITO,UNIDADE_CRONO,#formacao_158,#Turonian,2921
has_age,UNIDADE_LITO,UNIDADE_CRONO,#formacao_158,#Campanian,2921
constituted_by,UNIDADE_LITO,ROCHA,#formacao_253,#calciarenite,2922
constituted_by,UNIDADE_LITO,ROCHA,#formacao_253,#calcilutite,2922
located_in,UNIDADE_LITO,BACIA,#grupo_022,#BASE_CD_BACIA_240,2973
temporal_relation,UNIDADE_CRONO,UNIDADE_CRONO,#Jurassic,#LowerCretaceous,3039
temporal_relation,UNIDADE_CRONO,UNIDADE_CRONO,#LowerCretaceous,#Jurassic,3039
temporal_relation,UNIDADE_CRONO,UNIDADE_CRONO,#Eojiquia_Subage,#Neojiquia_Subage,3039
temporal_relation,UNIDADE_CRONO,UNIDADE_CRONO,#Neojiquia_Subage,#Eojiquia_Subage,3039
located_in,POÇO,CAMPO,#POCO_CD_POCO_010670,#CAMP_CD_CAMPO_0077,3093
located_in,POÇO,CAMPO,#POCO_CD_POCO_010726,#CAMP_CD_CAMPO_0077,3093
located_in,POÇO,CAMPO,#POCO_CD_POCO_006870,#CAMP_CD_CAMPO_0773,3093
located_in,POÇO,CAMPO,#POCO_CD_POCO_010669,#CAMP_CD_CAMPO_0077,3094
located_in,POÇO,CAMPO,#POCO_CD_POCO_010689,#CAMP_CD_CAMPO_0077,3094
located_in,POÇO,CAMPO,#POCO_CD_POCO_010526,#CAMP_CD_CAMPO_0214,3094
located_in,POÇO,CAMPO,#POCO_CD_POCO_010526,#CAMP_CD_CAMPO_0214,3094
located_in,POÇO,CAMPO,#POCO_CD_POCO_010691,#CAMP_CD_CAMPO_0214,3094
located_in,POÇO,CAMPO,#POCO_CD_POCO_010691,#CAMP_CD_CAMPO_0214,3094
located_in,POÇO,CAMPO,#POCO_CD_POCO_010643,#CAMP_CD_CAMPO_0199,3097
located_in,POÇO,CAMPO,#POCO_CD_POCO_007748,#CAMP_CD_CAMPO_0264,3125
located_in,POÇO,CAMPO,#POCO_CD_POCO_007746,#CAMP_CD_CAMPO_0264,3125
temporal_relation,UNIDADE_CRONO,UNIDADE_CRONO,#Jiquia_Age,#Alagoas_Age,3138
temporal_relation,UNIDADE_CRONO,UNIDADE_CRONO,#Jiquia_Age,#Buracica_Age,3138
temporal_relation,UNIDADE_CRONO,UNIDADE_CRONO,#Buracica_Age,#Jiquia_Age,3138
located_in,UNIDADE_LITO,BACIA,#formacao_153,#BASE_CD_BACIA_116,3149
located_in,UNIDADE_LITO,BACIA,#formacao_009,#BASE_CD_BACIA_116,3149
located_in,UNIDADE_LITO,BACIA,#formacao_126,#BASE_CD_BACIA_116,3149
located_in,UNIDADE_LITO,BACIA,#grupo_05,#BASE_CD_BACIA_281,3266
located_in,POÇO,BACIA,#POCO_CD_POCO_005665,#BASE_CD_BACIA_260,3330
located_in,CAMPO,BACIA,#CAMP_CD_CAMPO_0065,#BASE_CD_BACIA_281,3339
located_in,UNIDADE_LITO,BACIA,#grupo_000,#BASE_CD_BACIA_281,3405
has_age,UNIDADE_LITO,UNIDADE_CRONO,#grupo_000,#Cretaceous,3408
temporal_relation,UNIDADE_CRONO,UNIDADE_CRONO,#Mesozoic,#Paleozoic,3427
temporal_relation,UNIDADE_CRONO,UNIDADE_CRONO,#Paleozoic,#Mesozoic,3427
temporal_relation,UNIDADE_CRONO,UNIDADE_CRONO,#Cretaceous,#Cretaceous,3439
temporal_relation,UNIDADE_CRONO,UNIDADE_CRONO,#Cretaceous,#Cretaceous,3439
temporal_relation,UNIDADE_CRONO,UNIDADE_CRONO,#Devonian,#Paleozoic,3440
temporal_relation,UNIDADE_CRONO,UNIDADE_CRONO,#Paleozoic,#Devonian,3440
temporal_relation,UNIDADE_CRONO,UNIDADE_CRONO,#Cenomanian,#Turonian,3501
temporal_relation,UNIDADE_CRONO,UNIDADE_CRONO,#Turonian,#Cenomanian,3501
temporal_relation,UNIDADE_CRONO,UNIDADE_CRONO,#Cretaceous,#Paleocene,3510
temporal_relation,UNIDADE_CRONO,UNIDADE_CRONO,#Paleocene,#Cretaceous,3510
